{"slug": "degods", "granularity": "1d", "timestamps": [1680393600000, 1680480000000, 1680566400000, 1680652800000, 1680739200000, 1680825600000, 1680912000000, 1680998400000, 1681084800000, 1681171200000, 1681257600000, 1681344000000, 1681430400000, 1681516800000, 1681603200000, 1681689600000, 1681739699034], "floorEth": [8.88, 8.9, 7.788, 7.788, 7.999, 8.13, 8.25, 8.89, 9.45, 9.04, 7.9, 8.45, 8.59, 7.77, 7.44, 7.925, 8.39], "floorUsd": [16197.29765, 15971.811999999998, 13979.460000000001, 14000.77566, 14967.64881, 15213.94157, 15312.203999999998, 16095.04501, 17478.531, 16811.0552, 15088.06828, 15995.3338, 16494.71584, 14920.13295, 14975.12349, 16635.216, 17790.6594], "salesCount": [82, 108, 115, 87, 36, 19, 28, 77, 41, 33, 25, 21, 12, 55, 27, 14, 17], "volumeEth": [833.06409, 1018.9783000000001, 935.5489800000006, 730.2311899999994, 299.31600000000003, 173.20899999999995, 249.09640000000002, 762.5867899999998, 410.83209999999997, 305.59999999999997, 231.01000000000005, 182.18925000000002, 118.88480999999999, 457.62199999999984, 228.36201, 106.36314999999999, 140.7939], "volumeUsd": [1520254.8071896, 1858647.517959999, 1693669.11546, 1321453.5547299993, 553947.02875, 329936.62292999995, 467327.66412, 1423685.52394, 766882.8391799998, 569332.6315700002, 440689.22579, 345066.87914000003, 228017.15655, 895266.37358, 468219.2866500001, 223659.35104, 297666.17941999994]}