{"slug": "hv-mtl-nft", "granularity": "1d", "timestamps": [1678924800000, 1679011200000, 1679097600000, 1679184000000, 1679270400000, 1679356800000, 1679443200000, 1679529600000, 1679616000000, 1679702400000, 1679788800000, 1679875200000, 1679961600000, 1680048000000, 1680134400000, 1680220800000, 1680307200000, 1680393600000, 1680480000000, 1680566400000, 1680652800000, 1680739200000, 1680825600000, 1680912000000, 1680998400000, 1681084800000, 1681171200000, 1681257600000, 1681344000000, 1681430400000, 1681516800000, 1681603200000, 1681689600000, 1681739699034], "floorEth": [2.5, 2.1, 2.069, 2, 1.9, 1.875, 1.85, 1.99, 1.935, 1.8899, 1.94, 1.9, 1.95, 2.05, 2.05, 1.99, 1.89, 1.885, 1.95, 1.899, 1.8, 1.89, 1.84, 1.79, 1.75, 1.7688, 1.73, 1.76, 1.738, 1.69, 1.6, 1.52, 1.189, 1.55], "floorUsd": [4145.17527, 3481.94723, 3470.76819, 3440.21499, 3407.26772, 3377.56391, 3227.2167, 3596.6463999999996, 3365.7196500000005, 3320.51605, 3398.0263999999997, 3339.77915, 3464.89199, 3517.267, 3640.88946, 3552.08728, 3388.59721, 3379.63267, 3522.72144, 3413.90254, 3258.83926, 3434.45449, 3461.96702, 3320.1994, 3266.6507, 3292.2524, 3217.1599, 3273.49508, 3259.60048, 3245.17692, 3129.96354, 3059.43383, 2500.40302, 3286.713], "salesCount": [320, 1474, 880, 305, 246, 173, 566, 177, 120, 85, 68, 56, 77, 189, 735, 757, 343, 149, 146, 124, 130, 75, 80, 71, 69, 78, 125, 55, 73, 71, 199, 638, 180, 50], "volumeEth": [1154.8813100000007, 5941.069859999992, 2457.937399999988, 733.3918299999997, 591.1971499999994, 417.78310000000005, 1558.2806599999994, 542.8678800000004, 325.2649999999999, 209.6279999999999, 188.64560000000006, 143.17779999999996, 172.67128999999997, 482.7347000000006, 2017.3418800000002, 1913.5996999999954, 764.2279900000034, 456.56724000000037, 456.4963000000001, 282.5479399999999, 286.97771000000006, 168.30109, 174.10304000000002, 153.961, 153.80910000000003, 152.41891, 262.57179999999977, 120.07999000000004, 167.98161, 173.0479, 379.6483900000004, 1086.2667799999965, 320.65147999999976, 78.17394000000002], "volumeUsd": [1955561.0246717972, 9905578.85545678, 4104880.849440022, 1292817.0341200023, 1060211.2299099998, 751552.2572599994, 2731318.066220002, 969237.3846999995, 574530.6908100003, 378058.8526100003, 344256.42485, 261290.47345, 308280.55007000006, 842239.01073, 3571743.2975599994, 3431967.5635900013, 1370306.1876900005, 830044.1136399994, 832671.9624499996, 509658.3045200004, 519509.9065700003, 311019.75742, 331624.8455600001, 288481.0919599999, 287127.34192999994, 284505.4961399999, 489074.62995000044, 228988.29463000002, 318115.10634, 331768.7182099999, 741666.1715699992, 2214800.1445700065, 674269.8028299998, 165305.57554]}