{"slug": "mocaverse", "granularity": "1d", "timestamps": [1678147200000, 1678233600000, 1678320000000, 1678406400000, 1678492800000, 1678579200000, 1678665600000, 1678752000000, 1678838400000, 1678924800000, 1679011200000, 1679097600000, 1679184000000, 1679270400000, 1679356800000, 1679443200000, 1679529600000, 1679616000000, 1679702400000, 1679788800000, 1679875200000, 1679961600000, 1680048000000, 1680134400000, 1680220800000, 1680307200000, 1680393600000, 1680480000000, 1680566400000, 1680652800000, 1680739200000, 1680825600000, 1680912000000, 1680998400000, 1681084800000, 1681171200000, 1681257600000, 1681344000000, 1681430400000, 1681516800000, 1681603200000, 1681689600000, 1681740193860], "floorEth": [1.59, 1.39, 1.608, 1.419, 1.23, 1.296, 1.28, 1.21, 1.05, 1.089, 1.1688, 0.88, 0.9, 0.935, 0.95, 0.86, 0.6, 0.72, 0.73, 0.81, 0.84, 0.73, 0.79, 0.73, 0.699, 0.689, 0.668, 0.73, 0.76, 0.78, 0.73, 0.692, 0.7249, 0.719, 0.7239, 0.78, 0.8, 0.7, 0.7, 0.699, 0.679, 0.64, 0.715], "floorUsd": [2441.0638, 2134.01175, 2468.69848, 2178.5343, 1771.40622, 1852.76571, 1829.89206, 1822.74404, 1762.86142, 1858.1171399999998, 1935.778248, 1478.21738, 1613.952, 1648.9099, 1679.79248, 1500.21966, 1086.84675, 1252.3608, 1275.77722, 1478.21489, 1464.9684, 1297.11341, 1355.4346, 1294.7060999999999, 1253.77533, 1235.31401, 1197.66293, 1318.0004, 1351.47, 1412.16368, 1366.07347, 1309.93347, 1344.588014, 1342.12677, 1338.910962, 1448.373, 1448.373, 1325.05724, 1325.05724, 1406.937, 1388.82194, 1339.1872, 1503.60652], "salesCount": [1686, 10560, 1308, 517, 495, 130, 117, 121, 192, 97, 98, 407, 143, 59, 65, 82, 263, 54, 37, 23, 20, 39, 29, 43, 27, 37, 50, 64, 25, 26, 20, 22, 13, 14, 18, 16, 19, 6, 30, 11, 17, 21, 12], "volumeEth": [368.7353999999993, 4307.273409999943, 1417.0741299999927, 786.1735000000008, 637.3122199999998, 169.8857000000001, 148.02499999999998, 151.17620000000002, 227.33655000000007, 108.39713999999996, 118.82039999999999, 471.79554999999976, 153.69300000000007, 60.86579999999997, 74.86475999999999, 78.19857999999995, 211.65999999999994, 46.27609000000002, 31.476920000000003, 22.00542, 16.9687, 32.9936, 23.874349999999993, 32.25461, 26.393450000000005, 27.303900000000002, 39.54509999999999, 50.58787000000002, 37.247699999999995, 21.16277, 14.422499999999996, 15.845089999999997, 8.93657, 11.04494, 13.6069, 12.66435, 15.41327, 4.749, 22.357569999999996, 8.488999999999999, 10.38059, 13.906410000000001, 10.709599999999998], "volumeUsd": [576611.3484908008, 6743165.9527809685, 2202474.244807612, 1213779.2047000038, 924001.8904100005, 242955.64561000024, 211578.19236000013, 228501.48369000028, 377614.00687000004, 184947.4323100001, 197263.46726000006, 791199.7361000001, 274251.29490999994, 109151.62822000001, 134760.95601999998, 137085.67484000005, 376237.36412000016, 81735.58547999997, 56581.58722, 40157.19606, 30964.008099999995, 59247.01828, 41919.58882999999, 56812.60924999999, 47371.60237000001, 48958.783989999996, 71476.72681000001, 92274.26228999998, 67456.03153999998, 38214.139310000006, 26851.03344, 30177.307569999994, 16761.99204, 20616.755639999996, 25399.422540000007, 23618.75009, 29399.25426, 8989.56688, 42795.16752999999, 16559.85541, 21184.029120000003, 29241.990210000007, 22632.825620000003]}