{"slug": "nakamigos", "granularity": "1d", "timestamps": [1679529600000, 1679616000000, 1679702400000, 1679788800000, 1679875200000, 1679961600000, 1680048000000, 1680134400000, 1680220800000, 1680307200000, 1680393600000, 1680480000000, 1680566400000, 1680652800000, 1680739200000, 1680825600000, 1680912000000, 1680998400000, 1681084800000, 1681171200000, 1681257600000, 1681344000000, 1681430400000, 1681516800000, 1681603200000, 1681689600000, 1681740076719], "floorEth": [0.028, 0.0047, 0.0125, 0.029, 0.014, 0.0828, 0.025, 0.0079, 0.0297, 0.24, 0.1, 0.1269, 0.51, 0.07, 0.05299, 0.44, 0.0688, 0.1349, 0.1349, 0.65, 0.58, 0.0621, 0.55, 0.4879, 0.4299, 0.38, 0.4199], "floorUsd": [49.72922, 8.42667, 22.41136, 51.99435, 25.10072, 148.45283, 44.82271, 14.03074, 53.24938, 430.29806, 182.402, 231.46814, 930.2502, 125.84159, 99.16196, 823.38675, 131.5001, 251.8121, 249.50834199999997, 1208.96125, 1107.73159, 117.55151, 1056.12267, 979.31375, 903.645, 799.11955, 889.59963], "salesCount": [0, 19739, 10278, 9519, 4320, 7232, 6282, 8624, 7299, 2525, 1884, 3143, 4981, 4361, 3316, 1691, 2170, 1070, 977, 899, 643, 775, 586, 631, 555, 573, 603], "volumeEth": [0, 271.2949499999822, 447.9336499999929, 1045.2029000000232, 494.61749999999404, 1537.7546400000786, 1551.0866800000829, 3451.887010000006, 2389.8698800000557, 885.9513500000004, 857.6456800000011, 1857.057509999995, 3975.978390000029, 2483.937230000007, 1612.923550000005, 1019.4626699999976, 1744.9651500000032, 799.8567800000013, 883.9935500000009, 734.0166699999997, 476.21889000000107, 579.6142900000013, 438.39263999999906, 402.06315000000006, 324.4790700000003, 295.8635599999997, 286.5641099999985], "volumeUsd": [0, 488786.7877350531, 787682.5028714081, 1822844.3096290787, 862617.8661750355, 2731375.1691144165, 2750960.80304764, 6153584.947693521, 4285457.944095329, 1588678.098978601, 1557698.525259983, 3387326.8461099495, 7166397.219479991, 4494853.120310012, 2988411.589930017, 1946214.3877300061, 3282540.059510004, 1493584.7753600006, 1650094.7145500015, 1366796.061910002, 907796.6544899982, 1098392.9064400017, 839885.6897899996, 790513.4986999999, 670908.2991299985, 622147.4305999989, 604423.2742900021]}